{
  "products": {
    "men": [
      {
        "id": 1,
        "type": "men",
        "image": "assets/images/men/3-item-a.jpg",
        "name": "xyzzzz",
        "brand": "Liod Marcos",
        "discount_price": 13.30,
        "price": 18.75,
        "rating": 4,
        "availablity": true,
        "product_code": "#EM1201",
        "tags": [
          "Jean ",
          "Men ",
          "Outwear"
        ],
        "description": "Lorem ipsum dolor sit amet consectetur, adipisicing elit. Distinctio aperiam debitis ipsa veniam eos quas excepturi quae? Recusandae distinctio nihil quia quis, eaque aspernatur perferendis repudiandae adipisci labore, impedit beatae!",
        "features": [
          "Slim Fit",
          "Stretchable",
          "Free Shipping and delivery in 4 Days"
        ],
        "image_gallery": [
          "assets/images/men/3-item-a.jpg",
          "assets/images/men/3-item-b.jpg",
          "assets/images/men/3-item-c.jpg",
          "assets/images/men/3-item-d.jpg",
          "assets/images/men/3-item-e.jpg"
        ],
        "category": "Jeans",
        "category_type": "clothing",
        "color": "Blue",
        "quantity": 1,
        "status": 0,
        "popular": false
      },
      {
        "id": 2,
        "type": "men",
        "brand": "Bull Riders",
        "image": "assets/images/men/2-item-a.jpg",
        "name": "Super Jacket",
        "discount_price": 67.00,
        "price": 82.75,
        "rating": 5,
        "availablity": true,
        "product_code": "#EM1202",
        "tags": [
          "Winter ",
          "Men ",
          "Jacket"
        ],
        "description": "Sit amet consectetur, adipisicing elit. Distinctio aperiam debitis ipsa veniam eos quas excepturi quae? Recusandae distinctio nihil quia quis, eaque aspernatur perferendis repudiandae adipisci labore, impedit beatae! Lorem ipsum dolor",
        "features": [
          "Loose Fit",
          "Pure Leather",
          "Free Shipping and delivery in 2 Days"
        ],
        "image_gallery": [
          "assets/images/men/2-item-a.jpg",
          "assets/images/men/2-item-b.jpg",
          "assets/images/men/2-item-c.jpg",
          "assets/images/men/2-item-d.jpg",
          "assets/images/men/2-item-e.jpg"
        ],
        "category": "Jackets",
        "category_type": "clothing",
        "color": "Black",
        "quantity": 1,
        "status": 0,
        "popular": false
      },
      {
        "id": 3,
        "type": "men",
        "brand": "Jeno Karla",
        "image": "assets/images/men/1-item-a.jpg",
        "name": "Denim Pullover",
        "discount_price": 36.00,
        "price": 42.75,
        "rating": 4,
        "availablity": true,
        "product_code": "#EM1203",
        "tags": [
          "Men ",
          "Pullover",
          "Denim"
        ],
        "description": "Suspendisse porttitor ornare ligula. Nam massa erat, fermentum dolor quis, maximus ultrices diam. Aenean pellentesque auctor elementum. Nunc vitae tortor iaculis, mollis odio at, lacinia sapien. Mauris et leo sem. Curabitur sit amet enim nisi. Nunc placerat commodo sem, sed maximus purus",
        "features": [
          "Slim Fit",
          "Denim Made",
          "Free Shipping in some areas and delivery in 4 Days"
        ],
        "image_gallery": [
          "assets/images/men/1-item-a.jpg",
          "assets/images/men/1-item-b.jpg",
          "assets/images/men/1-item-c.jpg",
          "assets/images/men/1-item-d.jpg",
          "assets/images/men/1-item-e.jpg"
        ],
        "category": "Shirt",
        "category_type": "clothing",
        "color": "Blue",
        "quantity": 1,
        "status": 0,
        "popular": false
      },
      {
        "id": 4,
        "type": "men",
        "brand": "The Capressi",
        "image": "assets/images/men/4-item-a.jpg",
        "name": "Blue Jean",
        "discount_price": 32.00,
        "price": 40.82,
        "rating": 5,
        "availablity": true,
        "product_code": "#EM1204",
        "tags": [
          "Blue",
          "Men",
          "Jean"
        ],
        "description": "Dolor sit amet consectetur, adipisicing elit. Distinctio aperiam debitis ipsa veniam eos quas excepturi quae? Recusandae distinctio nihil quia quis, eaque aspernatur perferendis repudiandae adipisci labore, impedit beatae!",
        "features": [
          "Slim Fit",
          "Relaxed",
          "Free Shipping and delivery in 1 Days"
        ],
        "image_gallery": [
          "assets/images/men/4-item-a.jpg",
          "assets/images/men/4-item-b.jpg",
          "assets/images/men/4-item-c.jpg",
          "assets/images/men/4-item-d.jpg",
          "assets/images/men/4-item-e.jpg"
        ],
        "category": "Jeans",
        "category_type": "clothing",
        "color": "Blue",
        "quantity": 1,
        "status": 0,
        "popular": false
      },
      {
        "id": 5,
        "type": "men",
        "brand": "JK CK",
        "image": "assets/images/men/5-item-a.jpg",
        "name": "Black T-Shirt",
        "discount_price": 17.00,
        "price": 22.75,
        "rating": 5,
        "availablity": true,
        "product_code": "#EM1205",
        "tags": [
          "Black ",
          "Men ",
          "Summer"
        ],
        "description": "Lorem ipsum dolor sit amet consectetur, adipisicing elit. Distinctio aperiam debitis ipsa veniam eos quas excepturi quae? Recusandae distinctio nihil quia quis, eaque aspernatur perferendis repudiandae adipisci labore, impedit beatae!",
        "features": [
          "Slim Fit",
          "Pure Cotton",
          "Free Shipping and delivery in 4 Days"
        ],
        "image_gallery": [
          "assets/images/men/5-item-a.jpg",
          "assets/images/men/5-item-b.jpg",
          "assets/images/men/5-item-c.jpg",
          "assets/images/men/5-item-d.jpg",
          "assets/images/men/5-item-e.jpg"
        ],
        "category": "T-Shirt",
        "category_type": "clothing",
        "color": "Black",
        "quantity": 1,
        "status": 0,
        "popular": false
      },
      {
        "id": 6,
        "type": "men",
        "brand": "Nike",
        "image": "assets/images/men/cat-shoes.jpg",
        "name": "Men White AIR",
        "discount_price": 55.00,
        "price": 65.75,
        "rating": 5,
        "availablity": true,
        "product_code": "#4330899",
        "tags": [
          "Black ",
          "White"
        ],
        "description": "Lorem ipsum dolor sit amet consectetur, adipisicing elit. Distinctio aperiam debitis ipsa veniam eos quas excepturi quae? Recusandae distinctio nihil quia quis, eaque aspernatur perferendis repudiandae adipisci labore, impedit beatae!",
        "features": [
          "Leather",
          "Wipe with a clean, dry cloth to remove dust"
        ],
        "image_gallery": [
          "assets/images/men/cat-shoes.jpg"
        ],
        "category": "Shoes",
        "category_type": "shoes",
        "color": "Black",
        "quantity": 1,
        "status": 0,
        "popular": true
      }
    ],
    "women": [
      {
        "id": 7,
        "type": "women",
        "brand": "Liod Marcos",
        "image": "assets/images/women/6-item-a.jpg",
        "name": "Red Strip Dress",
        "discount_price": 75.00,
        "price": 97.75,
        "rating": 5,
        "availablity": true,
        "product_code": "#EM1205",
        "tags": [
          "Red ",
          "Women ",
          "Outwear"
        ],
        "description": "Amet consectetur, adipisicing elit. Distinctio aperiam debitis ipsa veniam eos quas excepturi quae? Recusandae distinctio nihil quia quis, eaque aspernatur perferendis repudiandae adipisci labore, impedit beatae!",
        "features": [
          "Regular Fit ",
          "Pure Cotton ",
          "Delivery in 3 Days"
        ],
        "image_gallery": [
          "assets/images/women/6-item-a.jpg",
          "assets/images/women/6-item-b.jpg",
          "assets/images/women/6-item-c.jpg",
          "assets/images/women/6-item-d.jpg",
          "assets/images/women/6-item-e.jpg"
        ],
        "category": "Dresses",
        "category_type": "clothing",
        "color": "Red",
        "quantity": 1,
        "status": 0,
        "popular": false
      },
      {
        "id": 8,
        "type": "women",
        "brand": "Liod Marcos",
        "image": "assets/images/women/7-item-a.jpg",
        "name": "Blue Denim",
        "discount_price": 45.00,
        "price": 49.75,
        "rating": 4,
        "availablity": true,
        "product_code": "#EM1206",
        "tags": [
          "Blue ",
          "Outwear ",
          "Denim"
        ],
        "description": "Dolor sit amet consectetur, adipisicing elit. Distinctio aperiam debitis ipsa veniam eos quas excepturi quae? Recusandae distinctio nihil quia quis, eaque aspernatur perferendis repudiandae adipisci labore, impedit beatae!",
        "features": [
          "Loose Fit",
          "Pure Denim",
          "Free Shipping and delivery in 2 Days"
        ],
        "image_gallery": [
          "assets/images/women/7-item-a.jpg",
          "assets/images/women/7-item-b.jpg",
          "assets/images/women/7-item-c.jpg",
          "assets/images/women/7-item-d.jpg",
          "assets/images/women/7-item-e.jpg"
        ],
        "category": "Shirt",
        "category_type": "clothing",
        "color": "Blue",
        "quantity": 1,
        "status": 0,
        "popular": false
      },
      {
        "id": 9,
        "type": "women",
        "brand": "Liod Marcos",
        "image": "assets/images/women/8-item-a.jpg",
        "name": "Black Dress",
        "discount_price": 12.00,
        "price": 15.75,
        "rating": 5,
        "availablity": true,
        "product_code": "#EM1207",
        "tags": [
          "Red ",
          "Women ",
          "Outwear"
        ],
        "description": "Consectetur, adipisicing elit. Distinctio aperiam debitis ipsa veniam eos quas excepturi quae? Recusandae distinctio nihil quia quis, eaque aspernatur perferendis repudiandae adipisci labore, impedit beatae!",
        "features": [
          "Slim Fit",
          "Pure Cotton",
          "Free Shipping and delivery in 4 Days"
        ],
        "image_gallery": [
          "assets/images/women/8-item-a.jpg",
          "assets/images/women/8-item-b.jpg",
          "assets/images/women/8-item-c.jpg",
          "assets/images/women/8-item-d.jpg",
          "assets/images/women/8-item-e.jpg"
        ],
        "category": "Dresses",
        "category_type": "clothing",
        "color": "Black",
        "quantity": 1,
        "status": 0,
        "popular": false
      },
      {
        "id": 10,
        "type": "women",
        "brand": "Liod Marcos",
        "image": "assets/images/women/9-item-a.jpg",
        "name": "White T-Shirt",
        "discount_price": 15.00,
        "price": 19.45,
        "rating": 5,
        "availablity": true,
        "product_code": "#EM1208",
        "tags": [
          "White ",
          "Graphic ",
          "Women"
        ],
        "description": "Sit amet consectetur, adipisicing elit. Distinctio aperiam debitis ipsa veniam eos quas excepturi quae? Recusandae distinctio nihil quia quis, eaque aspernatur perferendis repudiandae adipisci labore, impedit beatae!",
        "features": [
          "Slim Fit ",
          "100% Cotton ",
          "Free Shipping and delivery in 4 Days"
        ],
        "image_gallery": [
          "assets/images/women/9-item-b.jpg",
          "assets/images/women/9-item-c.jpg",
          "assets/images/women/9-item-d.jpg",
          "assets/images/women/9-item-e.jpg"
        ],
        "category": "T-Shirt",
        "category_type": "clothing",
        "color": "White",
        "quantity": 1,
        "status": 0,
        "popular": false
      }
    ],
    "gadgets": [
      {
        "id": 11,
        "type": "gadgets",
        "brand": "Liod Marcos",
        "image": "assets/images/gadgets/g-1-a.jpg",
        "name": "Wired Headphone",
        "discount_price": 90.00,
        "price": 125.75,
        "rating": 5,
        "availablity": true,
        "product_code": "#EM1209",
        "tags": [
          "Headphone",
          "Gadgets",
          "Electronic"
        ],
        "description": "Ipsum dolor sit amet consectetur, adipisicing elit. Distinctio aperiam debitis ipsa veniam eos quas excepturi quae? Recusandae distinctio nihil quia quis, eaque aspernatur perferendis repudiandae adipisci labore, impedit beatae!",
        "features": [
          "Bass Boosted ",
          "Start/Pause Button ",
          "Skype/Video Call Compatible"
        ],
        "image_gallery": [
          "assets/images/gadgets/g-1-a.jpg",
          "assets/images/gadgets/g-1-b.jpg",
          "assets/images/gadgets/g-1-c.jpg",
          "assets/images/gadgets/g-1-d.jpg"
        ],
        "category": "Headphone",
        "category_type": "gadgets",
        "color": "Black",
        "quantity": 1,
        "status": 0,
        "popular": false
      },
      {
        "id": 12,
        "type": "gadgets",
        "brand": "Liod Marcos",
        "image": "assets/images/gadgets/g-2-a.jpg",
        "name": "Black Smartphone",
        "discount_price": 655.00,
        "price": 847.63,
        "rating": 4,
        "availablity": true,
        "product_code": "#EM1210",
        "tags": [
          "Phone ",
          "Smartphone ",
          "New"
        ],
        "description": "Dolor sit amet consectetur, adipisicing elit. Distinctio aperiam debitis ipsa veniam eos quas excepturi quae? Recusandae distinctio nihil quia quis, eaque aspernatur perferendis repudiandae adipisci labore, impedit beatae!",
        "features": [
          "Full Screen Touch",
          "6GB Ram and 128 Gb Memory",
          "Wireless Headphone"
        ],
        "image_gallery": [
          "assets/images/gadgets/g-2-a.jpg",
          "assets/images/gadgets/g-2-b.jpg",
          "assets/images/gadgets/g-2-c.jpg",
          "assets/images/gadgets/g-2-d.jpg"
        ],
        "category": "Smartphone",
        "category_type": "gadgets",
        "color": "Black",
        "quantity": 1,
        "status": 0,
        "popular": false
      },
      {
        "id": 13,
        "type": "gadgets",
        "brand": "Liod Marcos",
        "image": "assets/images/gadgets/g-3-a.jpg",
        "name": "Digial Watch",
        "discount_price": 225.56,
        "price": 357.75,
        "rating": 4,
        "availablity": true,
        "product_code": "#EM12012",
        "tags": [
          "Analog/Digital ",
          "Men/Women ",
          "Black"
        ],
        "description": "Dolor sit amet consectetur, adipisicing elit. Distinctio aperiam debitis ipsa veniam eos quas excepturi quae? Recusandae distinctio nihil quia quis, eaque aspernatur perferendis repudiandae adipisci labore, impedit beatae!",
        "features": [
          "Soft Leather",
          "Chargable",
          "Delivery in 4 Days"
        ],
        "image_gallery": [
          "assets/images/gadgets/g-3-a.jpg",
          "assets/images/gadgets/g-3-b.jpg",
          "assets/images/gadgets/g-3-c.jpg",
          "assets/images/gadgets/g-3-d.jpg"
        ],
        "category": "Watch",
        "category_type": "gadgets",
        "color": "Black",
        "quantity": 1,
        "status": 0,
        "popular": true
      },
      {
        "id": 14,
        "type": "gadgets",
        "brand": "Liod Marcos",
        "image": "assets/images/gadgets/g-4-a.jpg",
        "name": "Digital Watch",
        "discount_price": 458.00,
        "price": 568.75,
        "rating": 5,
        "availablity": true,
        "product_code": "#EM1213",
        "tags": [
          "Analog/Digital ",
          "Men/Women ",
          "Black"
        ],
        "description": "Opsum dolor sit amet consectetur, adipisicing elit. Distinctio aperiam debitis ipsa veniam eos quas excepturi quae? Recusandae distinctio nihil quia quis, eaque aspernatur perferendis repudiandae adipisci labore, impedit beatae!",
        "features": [
          "Touch Screen",
          "Bluetooth",
          "Free Shipping and delivery in 4 Days"
        ],
        "image_gallery": [
          "assets/images/gadgets/g-4-a.jpg",
          "assets/images/gadgets/g-4-b.jpg",
          "assets/images/gadgets/g-4-c.jpg",
          "assets/images/gadgets/g-4-d.jpg",
          "assets/images/gadgets/g-4-e.jpg"
        ],
        "category": "Watch",
        "category_type": "gadgets",
        "color": "Black",
        "quantity": 1,
        "status": 0,
        "popular": false
      },
      {
        "id": 15,
        "type": "gadgets",
        "brand": "Liod Marcos",
        "image": "assets/images/gadgets/g-5-a.jpg",
        "name": "Circular Speaker",
        "discount_price": 698.45,
        "price": 989,
        "rating": 5,
        "availablity": true,
        "product_code": "#EM1214",
        "tags": [
          "Speaker",
          "Smart",
          "Circular"
        ],
        "description": "Lorem ipsum dolor sit amet consectetur, adipisicing elit. Distinctio aperiam debitis ipsa veniam eos quas excepturi quae? Recusandae distinctio nihil quia quis, eaque aspernatur perferendis repudiandae adipisci labore, impedit beatae!",
        "features": [
          "Woofer",
          "Wireless",
          "Free Shipping and delivery in 4 Days"
        ],
        "image_gallery": [
          "assets/images/gadgets/g-5-a.jpg",
          "assets/images/gadgets/g-5-b.jpg",
          "assets/images/gadgets/g-5-c.jpg",
          "assets/images/gadgets/g-5-d.jpg"
        ],
        "category": "Speaker",
        "category_type": "gadgets",
        "color": "Black",
        "quantity": 1,
        "status": 0,
        "popular": false
      }
    ],
    "accessories": [
      {
        "id": 16,
        "type": "accessories",
        "brand": "Liod Marcos",
        "image": "assets/images/accessroies/a-1-a.jpg",
        "name": "Laptap Backpack",
        "discount_price": 88.00,
        "price": 92.75,
        "rating": 4,
        "availablity": true,
        "product_code": "#EM1215",
        "tags": [
          "Black",
          "Laptop",
          "Bags"
        ],
        "description": "Adipisicing elit. Distinctio aperiam debitis ipsa veniam eos quas excepturi quae? Recusandae distinctio nihil quia quis, eaque aspernatur perferendis repudiandae adipisci labore, impedit beatae! Lorem ipsum dolor sit amet consectetur",
        "features": [
          "Dell/Mac/Acer Laptop Bag",
          "Pure Leather",
          "20 Kg Capacity"
        ],
        "image_gallery": [
          "assets/images/accessroies/a-1-a.jpg",
          "assets/images/accessroies/a-1-b.jpg",
          "assets/images/accessroies/a-1-c.jpg",
          "assets/images/accessroies/a-1-d.jpg"
        ],
        "category": "Laptap",
        "category_type": "accessories",
        "color": "Black",
        "quantity": 1,
        "status": 0,
        "popular": true
      },
      {
        "id": 17,
        "type": "accessories",
        "brand": "Liod Marcos",
        "image": "assets/images/accessroies/a-2-a.jpg",
        "name": "Men Belts",
        "discount_price": 44.00,
        "price": 38.31,
        "rating": 4,
        "availablity": true,
        "product_code": "#EM1216",
        "tags": [
          "Tan",
          "Belts",
          "Leather"
        ],
        "description": "Uorem ipsum dolor sit amet consectetur, adipisicing elit. Distinctio aperiam debitis ipsa veniam eos quas excepturi quae? Recusandae distinctio nihil quia quis, eaque aspernatur perferendis repudiandae adipisci labore, impedit beatae!",
        "features": [
          "Pure Leather",
          "Water Proof",
          "Steel Buckle"
        ],
        "image_gallery": [
          "assets/images/accessroies/a-2-a.jpg",
          "assets/images/accessroies/a-2-b.jpg",
          "assets/images/accessroies/a-2-c.jpg",
          "assets/images/accessroies/a-2-d.jpg"
        ],
        "category": "Belts",
        "category_type": "accessories",
        "color": "Black",
        "quantity": 1,
        "status": 0,
        "popular": false
      },
      {
        "id": 18,
        "type": "accessories",
        "brand": "Liod Marcos",
        "image": "assets/images/accessroies/a-3-a.jpg",
        "name": "Steel Chain",
        "discount_price": 78.00,
        "price": 56.75,
        "rating": 5,
        "availablity": true,
        "product_code": "#EM1217",
        "tags": [
          "Chain",
          "Long Chain",
          "Accessories"
        ],
        "description": "Ipsum dolor sit amet consectetur, adipisicing elit. Distinctio aperiam debitis ipsa veniam eos quas excepturi quae? Recusandae distinctio nihil quia quis, eaque aspernatur perferendis repudiandae adipisci labore, impedit beatae!",
        "features": [
          "Slim Fit",
          "Pure Steel",
          "Free Shipping and delivery in 7 Days"
        ],
        "image_gallery": [
          "assets/images/accessroies/a-3-a.jpg",
          "assets/images/accessroies/a-3-b.jpg",
          "assets/images/accessroies/a-3-c.jpg",
          "assets/images/accessroies/a-3-d.jpg"
        ],
        "category": "Jewellery",
        "category_type": "accessories",
        "color": "Black",
        "quantity": 1,
        "status": 0,
        "popular": false
      },
      {
        "id": 19,
        "type": "accessories",
        "brand": "Liod Marcos",
        "image": "assets/images/accessroies/a-4-a.jpg",
        "name": "Men Purse",
        "discount_price": 14.00,
        "price": 15.75,
        "rating": 5,
        "availablity": true,
        "product_code": "#EM1218",
        "tags": [
          "Tan",
          "Men",
          "Money"
        ],
        "description": "Lorem ipsum dolor sit amet consectetur, adipisicing elit. Distinctio aperiam debitis ipsa veniam eos quas excepturi quae? Recusandae distinctio nihil quia quis, eaque aspernatur perferendis repudiandae adipisci labore, impedit beatae!",
        "features": [
          "Slim Designed",
          "Pure Leather",
          "Credit/Debit Cards Pockets"
        ],
        "image_gallery": [
          "assets/images/accessroies/a-4-a.jpg",
          "assets/images/accessroies/a-4-b.jpg",
          "assets/images/accessroies/a-4-c.jpg",
          "assets/images/accessroies/a-4-d.jpg"
        ],
        "category": "Purse",
        "category_type": "accessories",
        "color": "Brown",
        "quantity": 1,
        "status": 0,
        "popular": false
      },
      {
        "id": 20,
        "type": "accessories",
        "brand": "Liod Marcos",
        "image": "assets/images/accessroies/a-5-a.jpg",
        "name": "Summer Goggles",
        "discount_price": 14.00,
        "price": 15.75,
        "rating": 5,
        "availablity": true,
        "product_code": "#EM1219",
        "tags": [
          "Black",
          "Men",
          "Shape"
        ],
        "description": "Iit amet consectetur, adipisicing elit. Distinctio aperiam debitis ipsa veniam eos quas excepturi quae? Recusandae distinctio nihil quia quis, eaque aspernatur perferendis repudiandae adipisci labore, impedit beatae!",
        "features": [
          "Smooth Finishing",
          "Soft",
          "Free Shipping and delivery in 4 Days"
        ],
        "image_gallery": [
          "assets/images/accessroies/a-5-a.jpg",
          "assets/images/accessroies/a-5-b.jpg",
          "assets/images/accessroies/a-5-c.jpg",
          "assets/images/accessroies/a-5-d.jpg"
        ],
        "category": "Goggles",
        "category_type": "Accessories",
        "color": "Black",
        "quantity": 1,
        "status": 0,
        "popular": true
      }
    ]
  },
  "blogs": [
    {
      "id": 1,
      "post_type": "Featured post.",
      "name": "Here are some of best online shopping sites for you in europe.",
      "author": {
        "author_img": "assets/images/user-1.jpg",
        "author_name": "Billy Wade",
        "post_date": "Sept 12, 2018",
        "author_bio": "There's lot of hate out there for a text that amounts to little more than garbled words in an old language. The villagers are out there with a vengeance to get that Frankenstein, wielding torches and pitchforks, wanting to tar and feather it at the least, running it out of town in shame"
      },
      "banner_img": "assets/images/blog-detail-1.jpg",
      "image": "assets/images/post-1.jpg",
      "content": "<p> <span class='dropcap accent-color'>L</span>orem ipsum dolor sit amet consectetur adipisicing elit. Animi ea libero nobis hic impedit similique, iste possimus. Libero delectus hic tempore suscipit blanditiis? Odit consequuntur facilis debitis quam accusamus ducimus? It is a long established fact that a reader will be distracted by the readable content of a page when looking at its layout. The point of using Lorem Ipsum is that it has a more-or-less normal distribution of letters, as opposed to using 'Content here, content here', making it look like readable English. Many desktop publishing packages and web page editors now use Lorem Ipsum as their default model text, and a search for 'lorem ipsum' will uncover many web sites still in their infancy. Various versions have evolved over the years, sometimes by accident, It is a long established fact that a reader will be distracted by the readable content of a page when looking at its layout. The point of using Lorem Ipsum is that it has a more-or-less normal distribution of letters, as opposed to using 'Content here, content here', making it look like readable English. </p> <p>Many desktop publishing packages and web page editors now use Lorem Ipsum as their default model text, and a search for 'lorem ipsum' will uncover many web sites still in their infancy. Various versions have evolved over the years, sometimes by accident, sometimes on purpose (injected humour and the like). sometimes on purpose (injected humour and the like). </p> <p> Lorem ipsum dolor sit amet consectetur adipisicing elit. Animi ea libero nobis hic impedit similique, iste possimus. Libero delectus hic tempore suscipit blanditiis? Odit consequuntur facilis debitis quam accusamus ducimus? It is a long established fact that a reader will be distracted by the readable content of a page when looking at its layout. The point of using Lorem Ipsum is that it has a more-or-less normal distribution of letters, as opposed to using 'Content here, content here', making it look like readable English. Many desktop publishing packages and web page editors now use Lorem Ipsum as their default model text, and a search for 'lorem ipsum' will uncover many web sites still in their infancy. Various versions have evolved over the years, sometimes by accident, It is a long established fact that a reader will be distracted by the readable content of a page when looking at its layout. The point of using Lorem Ipsum is that it has a more-or-less normal distribution of letters, as opposed to using 'Content here, content here', making it look like readable English. </p> <p> It is a long established fact that a reader will be distracted by the readable content of a page when looking at its layout. The point of using Lorem Ipsum is that it has a more-or-less normal distribution of letters, as opposed to using 'Content here, content here', making it look like readable English. Many desktop publishing packages and web page editors now use Lorem Ipsum as their default model text, and a search for 'lorem ipsum' will uncover many web sites still in their infancy. Various versions have evolved over the years, sometimes by accident, It is a long established fact that a reader will be distracted by the readable content of a page when looking at its layout. The point of using Lorem Ipsum is that it has a more-or-less normal distribution of letters, as opposed to using 'Content here, content here', making it look like readable English. </p>",
      "short_content": "Lorem Ipsum is simply dummy text of the printing and typesetting industry. Lorem Ipsum has been the industry's standard dummy text ever since the 1500s, when an unknown printer took a galley of type and scrambled it to make a type specimen book.",
      "tags": [
        "Shopping",
        "Online"
      ],
      "user_comments": [
        {
          "img": "assets/images/user-2.jpg",
          "name": "Jimmy Beck",
          "comment": "Do you like Cheese Whiz? Spray tan? Fake eyelashes? That's what is Lorem Ipsum to many—it rubs them the wrong way, all the way. It's unreal, uncanny, makes you wonder if something is wrong, it seems to seek your attention for all the wrong reasons. ",
          "date": "Sept 13, 2018",
          "sub_comments": [
            {
              "img": "assets/images/user-3.jpg",
              "name": "Jessica Reed",
              "comment": "You begin with a text, you sculpt information, you chisel away what's not needed, you come to the point, make things clear, add value, you're a content person, you like words. Design is no afterthought, far from it, but it comes in a deserved second. ",
              "date": "Sept 13, 2018"
            },
            {
              "img": "assets/images/user-4.jpg",
              "name": "Jeff Mackoay",
              "comment": "But. A big but: Lorem Ipsum is not t the root of the problem, it just shows what's going wrong. Chances are there wasn't collaboration, communication, and checkpoints, there wasn't a process agreed upon or specified with the granularity required",
              "date": "Sept 15, 2018"
            }
          ]
        },
        {
          "img": "assets/images/user-3.jpg",
          "name": "Jessica Reed",
          "comment": "You begin with a text, you sculpt information, you chisel away what's not needed, you come to the point, make things clear, add value, you're a content person, you like words. Design is no afterthought, far from it, but it comes in a deserved second. ",
          "date": "Sept 13, 2018"
        },
        {
          "img": "assets/images/user-4.jpg",
          "name": "Jeff Mackoay",
          "comment": "But. A big but: Lorem Ipsum is not t the root of the problem, it just shows what's going wrong. Chances are there wasn't collaboration, communication, and checkpoints, there wasn't a process agreed upon or specified with the granularity required",
          "date": "Sept 15, 2018"
        }
      ]
    },
    {
      "id": 2,
      "post_type": "Featured post.",
      "name": "Get awesome offers on new collection that is available at all stores.",
      "author": {
        "author_img": "assets/images/user-3.jpg",
        "author_name": "Demeon Phil",
        "post_date": "Sept 14, 2018",
        "author_bio": "Websites in professional use templating systems. Commercial publishing platforms and content management systems ensure that you can show different text, different data using the same template. When it's about controlling hundreds of articles, product pages"
      },
      "banner_img": "assets/images/blog-detail-2.jpg",
      "image": "assets/images/post-2.jpg",
      "content": "<p> <span class='dropcap accent-color'>C</span>onsectetur adipisicing elit. Animi ea libero nobis hic impedit similique, iste possimus. Libero delectus hic tempore suscipit blanditiis? Odit consequuntur facilis debitis quam accusamus ducimus? It is a long established fact that a reader will be distracted by the readable content of a page when looking at its layout. The point of using Lorem Ipsum is that it has a more-or-less normal distribution of letters, as opposed to using 'Content here, content here', making it look like readable English. Many desktop publishing packages and web page editors now use Lorem Ipsum as their default model text, and a search for 'lorem ipsum' will uncover many web sites still in their infancy. Various versions have evolved over the years, sometimes by accident, It is a long established fact that a reader will be distracted by the readable content of a page when looking at its layout. The point of using Lorem Ipsum is that it has a more-or-less normal distribution of letters, as opposed to using 'Content here, content here', making it look like readable English. </p> <p>Many desktop publishing packages and web page editors now use Lorem Ipsum as their default model text, and a search for 'lorem ipsum' will uncover many web sites still in their infancy. Various versions have evolved over the years, sometimes by accident, sometimes on purpose (injected humour and the like). sometimes on purpose (injected humour and the like). </p> <p> Lorem ipsum dolor sit amet consectetur adipisicing elit. Animi ea libero nobis hic impedit similique, iste possimus. Libero delectus hic tempore suscipit blanditiis? Odit consequuntur facilis debitis quam accusamus ducimus? It is a long established fact that a reader will be distracted by the readable content of a page when looking at its layout. The point of using Lorem Ipsum is that it has a more-or-less normal distribution of letters, as opposed to using 'Content here, content here', making it look like readable English. Many desktop publishing packages and web page editors now use Lorem Ipsum as their default model text, and a search for 'lorem ipsum' will uncover many web sites still in their infancy. Various versions have evolved over the years, sometimes by accident, It is a long established fact that a reader will be distracted by the readable content of a page when looking at its layout. The point of using Lorem Ipsum is that it has a more-or-less normal distribution of letters, as opposed to using 'Content here, content here', making it look like readable English. </p> <p> It is a long established fact that a reader will be distracted by the readable content of a page when looking at its layout. The point of using Lorem Ipsum is that it has a more-or-less normal distribution of letters, as opposed to using 'Content here, content here', making it look like readable English. Many desktop publishing packages and web page editors now use Lorem Ipsum as their default model text, and a search for 'lorem ipsum' will uncover many web sites still in their infancy. Various versions have evolved over the years, sometimes by accident, It is a long established fact that a reader will be distracted by the readable content of a page when looking at its layout. The point of using Lorem Ipsum is that it has a more-or-less normal distribution of letters, as opposed to using 'Content here, content here', making it look like readable English. </p>",
      "short_content": "Lorem Ipsum is simply dummy text of the printing and typesetting industry. Lorem Ipsum has been the industry's standard dummy text ever since the 1500s, when an unknown printer took a galley of type and scrambled it to make a type specimen book.",
      "tags": [
        "Shopping",
        "New Arrival"
      ],
      "user_comments": [
        {
          "img": "assets/images/user-1.jpg",
          "name": "Emily Barn",
          "comment": "Do you like Cheese Whiz? Spray tan? Fake eyelashes? That's what is Lorem Ipsum to many—it rubs them the wrong way, all the way. It's unreal, uncanny, makes you wonder if something is wrong, it seems to seek your attention for all the wrong reasons. ",
          "date": "Sept 13, 2018"
        },
        {
          "img": "assets/images/user-4.jpg",
          "name": "Lara Wilson",
          "comment": "You begin with a text, you sculpt information, you chisel away what's not needed, you come to the point, make things clear, add value, you're a content person, you like words. Design is no afterthought, far from it, but it comes in a deserved second. ",
          "date": "Sept 13, 2018"
        },
        {
          "img": "assets/images/user-2.jpg",
          "name": "Jaby Gibbs",
          "comment": "But. A big but: Lorem Ipsum is not t the root of the problem, it just shows what's going wrong. Chances are there wasn't collaboration, communication, and checkpoints, there wasn't a process agreed upon or specified with the granularity required",
          "date": "Sept 15, 2018"
        }
      ]
    },
    {
      "id": 3,
      "post_type": "Featured post.",
      "name": "Festival Sale has lots of amazing offer for men and woman",
      "author": {
        "author_img": "assets/images/user-2.jpg",
        "author_name": "Luke Hobbs",
        "post_date": "Sept 16, 2018",
        "author_bio": "If the copy becomes distracting in the design then you are doing something wrong or they are discussing copy changes. It might be a bit annoying but you could tell them that that discussion would be best suited for another time."
      },
      "banner_img": "assets/images/blog-detail-3.jpg",
      "image": "assets/images/post-3.jpg",
      "content": "<p> <span class='dropcap accent-color'>T</span>onsectetur adipisicing elit. Animi ea libero nobis hic impedit similique, iste possimus. Libero delectus hic tempore suscipit blanditiis? Odit consequuntur facilis debitis quam accusamus ducimus? It is a long established fact that a reader will be distracted by the readable content of a page when looking at its layout. The point of using Lorem Ipsum is that it has a more-or-less normal distribution of letters, as opposed to using 'Content here, content here', making it look like readable English. Many desktop publishing packages and web page editors now use Lorem Ipsum as their default model text, and a search for 'lorem ipsum' will uncover many web sites still in their infancy. Various versions have evolved over the years, sometimes by accident, It is a long established fact that a reader will be distracted by the readable content of a page when looking at its layout. The point of using Lorem Ipsum is that it has a more-or-less normal distribution of letters, as opposed to using 'Content here, content here', making it look like readable English. </p> <p>Many desktop publishing packages and web page editors now use Lorem Ipsum as their default model text, and a search for 'lorem ipsum' will uncover many web sites still in their infancy. Various versions have evolved over the years, sometimes by accident, sometimes on purpose (injected humour and the like). sometimes on purpose (injected humour and the like). </p> <p> Lorem ipsum dolor sit amet consectetur adipisicing elit. Animi ea libero nobis hic impedit similique, iste possimus. Libero delectus hic tempore suscipit blanditiis? Odit consequuntur facilis debitis quam accusamus ducimus? It is a long established fact that a reader will be distracted by the readable content of a page when looking at its layout. The point of using Lorem Ipsum is that it has a more-or-less normal distribution of letters, as opposed to using 'Content here, content here', making it look like readable English. Many desktop publishing packages and web page editors now use Lorem Ipsum as their default model text, and a search for 'lorem ipsum' will uncover many web sites still in their infancy. Various versions have evolved over the years, sometimes by accident, It is a long established fact that a reader will be distracted by the readable content of a page when looking at its layout. The point of using Lorem Ipsum is that it has a more-or-less normal distribution of letters, as opposed to using 'Content here, content here', making it look like readable English. </p> <p> It is a long established fact that a reader will be distracted by the readable content of a page when looking at its layout. The point of using Lorem Ipsum is that it has a more-or-less normal distribution of letters, as opposed to using 'Content here, content here', making it look like readable English. Many desktop publishing packages and web page editors now use Lorem Ipsum as their default model text, and a search for 'lorem ipsum' will uncover many web sites still in their infancy. Various versions have evolved over the years, sometimes by accident, It is a long established fact that a reader will be distracted by the readable content of a page when looking at its layout. The point of using Lorem Ipsum is that it has a more-or-less normal distribution of letters, as opposed to using 'Content here, content here', making it look like readable English. </p>",
      "short_content": "Lorem Ipsum is simply dummy text of the printing and typesetting industry. Lorem Ipsum has been the industry's standard dummy text ever since the 1500s, when an unknown printer took a galley of type and scrambled it to make a type specimen book.",
      "tags": [
        "Shopping",
        "New Arrival"
      ],
      "user_comments": [
        {
          "img": "assets/images/user-4.jpg",
          "name": "Emily Barn",
          "comment": "Do you like Cheese Whiz? Spray tan? Fake eyelashes? That's what is Lorem Ipsum to many—it rubs them the wrong way, all the way. It's unreal, uncanny, makes you wonder if something is wrong, it seems to seek your attention for all the wrong reasons. ",
          "date": "Sept 13, 2018"
        },
        {
          "img": "assets/images/user-1.jpg",
          "name": "Lara Wilson",
          "comment": "You begin with a text, you sculpt information, you chisel away what's not needed, you come to the point, make things clear, add value, you're a content person, you like words. Design is no afterthought, far from it, but it comes in a deserved second. ",
          "date": "Sept 13, 2018"
        },
        {
          "img": "assets/images/user-3.jpg",
          "name": "Jaby Gibbs",
          "comment": "But. A big but: Lorem Ipsum is not t the root of the problem, it just shows what's going wrong. Chances are there wasn't collaboration, communication, and checkpoints, there wasn't a process agreed upon or specified with the granularity required",
          "date": "Sept 15, 2018"
        }
      ]
    }
  ],
  "contact": {
    "address": "1899 Cemetery Street,MEDFORD - 1452451 New York",
    "mail": "support@theironnetwork.org",
    "call": "+123 90394903",
    "info": "If you have any problems,suggestions and feedback then please feel free to contact with us. Choose our communication soruces. We will love to hear from you."
  },
  "term_condition": [
    {
      "name": "",
      "content": "<p> Upon joining or viewing Embryo services or any of the services Embryo is a part of or provides, you are agreeing to be bound by the following terms and conditions ('Terms of Service') The services that are offered by Embryo and it’s affiliates under the Terms of Service include but are not limited to numerous services and or products to help you scale your service type business also not limited to online services ('Online Services') and or in person ('POS Services') or the possibility of both. Any services offered by Embryo and its affiliates are referred to in these Terms of Services as the “Services”. Any and all new features or tools that are added to the current Services shall also be subject to the Terms of Service. You can view the most current version of the Terms of Service at any time at https: theironnetwork.org. Embryo will reserve the right to update and change the Terms of Service by posting updates and changes to the Embryo website. </p> <p> We advise to check our Terms of Service occasionally to see if any changes or updates were made that may impact you or your business. You must read, agree and accept all of the terms of conditions contained in this Terms of Service agreement, including Embryo Privacy Policy before you can become a Embryo user. For best comprehension of Embryo and its services please read the “Terms of Service” completely to understand all legal ramifications. By using the Embryo site or any of it’s services, you are in agreement to these terms. Please read over these terms at various times for updates. </p>"
    },
    {
      "name": "1. Account Terms ",
      "content": " <ol> <li> You should be 18 years or more seasoned or if nothing else the time of dominant part in the locale where you live or from which you utilize this Service. </li> <li> To access and utilize the Services, you should enroll for a Embryo (“Account”) by giving your full legitimate name, current address, telephone number, a substantial email address, and some other data demonstratingd as required. Embryo may dismiss your application for an Account, or remove a current Account, for any reason, in our sole caution. </li> <li> You recognize that Embryo will utilize the email address you give as the essential technique to correspondence. </li> <li> You are in charge of keeping your password secure. Embryo can’t and won’t be at risk for any misfortune or harm from your inability to keep up the security of your Account and password. </li> <li> You are in charge of all movement and substance, for example, photographs, pictures, recordings, illustrations, composed substance, sound documents, code, data, or information transferred, gathered, created, put away, showed, appropriated, transmitted or displayed on or regarding your Account (“Materials”). </li> <li> A rupture or infringement of any term in the Terms of Service, including the AUP, as decided in the sole prudence of Embryo will bring about a quick end of your administrations. </li> </ol> <p> </p>"
    },
    {
      "name": "2. Account Activation",
      "content": " <h6>2.1 Embryo Account</h6> <ol> <li> Subject to area 2.1.2, the individual agreeing to accept the Service will be the contracting party (“Account Owner”) for the reasons for our Terms of Service and will be the individual who is approved to utilize any comparing account we may give to the Account Owner regarding the Service. </li> <li> If you are agreeing to accept the Service for the benefit of your boss, your boss should be the Account Owner. On the off chance that you are agreeing to accept the Service for your manager, at that point you speak to and warrant that you have the specialist to tie your boss to our Terms of Service. </li> </ol> <h6>2.2 PayPal Express Checkout and Embryo Payments Accounts</h6> <ol> <li> Endless supply of agree to accept the Service, Embryo will make a PayPal Express Checkout account for your benefit, utilizing your email address. Contingent upon your area, Embryo may likewise make a Embryo Payments account for your sake. </li> <li> You recognize that PayPal Express Checkout as well as Embryo Payments will be your default installments gateway(s) and that it is your sole obligation as the Account Owner to actuate and keep up these records. In the event that you don’t wish to keep both of the installment accounts dynamic, it is your obligation to deactivate them. For the shirking of uncertainty, PayPal Express Checkout is a Third Party Service, as characterized in Section 16 of these Terms of Service. </li> </ol>"
    },
    {
      "name": "3. General Conditions",
      "content": " <h6>You must read, agree with and accept all of the terms and conditions contained in these Terms of Service, including the AUP and the Privacy Policy before you may become a member of Embryo.</h6> <ol> <li> Technical support is provided to all Account holders and is only available via email and live chat. </li> <li> The Terms of Service should be represented by and translated as per the laws of the State of Illinois and the laws of United States relevant in that, without respect to standards of contentions of laws. The gatherings unalterably and genuinely submit to the elite ward of the courts of the State of Illinois as for any debate or case emerging out of or regarding the Terms of Service. The United Nations Convention on Contracts for the International Sale of Goods won’t matter to these Terms of Service and is thusly explicitly avoided. </li> <li> You recognize and concur that Embryo may revise these Terms of Service whenever by posting the pertinent corrected and repeated Terms of Service on Embryo’s site, accessible at officail site and such alterations to the Terms of Service are successful as of the date of posting. Your proceeded with utilization of the Services after the corrected Terms of Service are presented on Embryo’s site constitutes your consent to, and acknowledgment of, the changed Terms of Service. In the event that you don’t consent to any progressions to the Terms of Service, don’t keep on using the Service. </li> <li> You may not utilize the Embryo benefit for any unlawful or unapproved reason nor may you, in the utilization of the Service, abuse any laws in your locale (counting yet not restricted to copyright laws), the laws appropriate to you in your client’s ward, or the laws of Canada and the Province of Ontario. You will conform to every single pertinent law, guidelines and directions in your utilization of the Service. </li> <li> You concur not to recreate, copy, duplicate, offer, exchange or adventure any bit of the Service, utilization of the Service, or access to the Service without the express composed consent by Embryo. </li> <li> You should not buy web crawler or other pay per click catchphrases, (for example, Google AdWords), or area names that utilization Embryo or Embryo trademarks as well as varieties and incorrect spellings thereof. </li> <li> Questions about the Terms of Service ought to be sent to support@theironnetwork.org </li> <li> You comprehend that your Materials (excluding Visa data), might be exchanged decoded and include (a) transmissions over different systems; and (b) changes to adjust and adjust to specialized necessities of interfacing systems or gadgets. MasterCard data is constantly encoded amid exchange over systems. </li> <li> You recognize and concur that your utilization of the Service, including data transmitted to or put away by Embryo, is administered by its protection approach. </li> <li> The Terms of Service might be accessible in dialects other than English. To the degree of any irregularities or clashes between these English Terms of Service and Embryo’s Terms of Service accessible in another dialect. </li> </ol>"
    }
  ],
  "privacy_policy": [
    {
      "name": "What type of information we gathered on our site ",
      "content": "Lorem ipsum dolor sit amet consectetur, adipisicing elit. Itaque labore, fugit, temporibus ab unde necessitatibus, quasi consectetur rerum dolorum incidunt pariatur. Distinctio a unde cum! Possimus sint expedita cupiditate labore.Lorem ipsum dolor sit amet consectetur, adipisicing elit. Itaque labore, fugit, temporibus ab unde necessitatibus, quasi consectetur rerum dolorum incidunt pariatur. Distinctio a unde cum! Possimus sint expedita cupiditate labore.Lorem ipsum dolor sit amet consectetur, adipisicing elit. Itaque labore, fugit, temporibus ab unde necessitatibus, quasi consectetur rerum dolorum incidunt pariatur. Distinctio a unde cum! Possimus sint expedita cupiditate labore.Lorem ipsum dolor sit amet consectetur, adipisicing elit. Itaque labore, fugit, temporibus ab unde necessitatibus, quasi consectetur rerum dolorum incidunt pariatur. Distinctio a unde cum! Possimus sint expedita cupiditate labore.Lorem ipsum dolor sit amet consectetur, adipisicing elit. Itaque labore, fugit, temporibus ab unde necessitatibus, quasi consectetur rerum dolorum incidunt pariatur. Distinctio a unde cum! Possimus sint expedita cupiditate labore.Lorem ipsum dolor sit amet consectetur, adipisicing elit. Itaque labore, fugit, temporibus ab unde necessitatibus, quasi consectetur rerum dolorum incidunt pariatur. Distinctio a unde cum! Possimus sint expedita cupiditate labore. "
    },
    {
      "name": "Are our payments and cards information secured? ",
      "content": "Sit amet consectetur, adipisicing elit. Itaque labore, fugit, temporibus ab unde necessitatibus, quasi consectetur rerum dolorum incidunt pariatur. Distinctio a unde cum! Possimus sint expedita cupiditate labore.Lorem ipsum dolor sit amet consectetur, adipisicing elit. Itaque labore, fugit, temporibus ab unde necessitatibus, quasi consectetur rerum dolorum incidunt pariatur. Distinctio a unde cum! Possimus sint expedita cupiditate labore.Lorem ipsum dolor sit amet consectetur, adipisicing elit. Itaque labore, fugit, temporibus ab unde necessitatibus, quasi consectetur rerum dolorum incidunt pariatur. Distinctio a unde cum! Possimus sint expedita cupiditate labore.Lorem ipsum dolor sit amet consectetur, adipisicing elit. Itaque labore, fugit, temporibus ab unde necessitatibus, quasi consectetur rerum dolorum incidunt pariatur. Distinctio a unde cum! Possimus sint expedita cupiditate labore.Lorem ipsum dolor sit amet consectetur, adipisicing elit. Itaque labore, fugit, temporibus ab unde necessitatibus, quasi consectetur rerum dolorum incidunt pariatur. Distinctio a unde cum! Possimus sint expedita cupiditate labore.Lorem ipsum dolor sit amet consectetur, adipisicing elit. Itaque labore, fugit, temporibus ab unde necessitatibus, quasi consectetur rerum dolorum incidunt pariatur. Distinctio a unde cum! Possimus sint expedita cupiditate labore. dolor sit amet consectetur, adipisicing elit. Itaque labore, fugit, temporibus ab unde necessitatibus, quasi consectetur rerum dolorum incidunt pariatur. Distinctio a unde cum! Possimus sint expedita cupiditate labore.Lorem ipsum dolor sit amet consectetur, adipisicing elit. Itaque labore, fugit, temporibus ab unde necessitatibus, quasi consectetur rerum dolorum incidunt pariatur. Distinctio a unde cum! Possimus sint expedita cupiditate labore."
    },
    {
      "name": "Are we give information of user to ad agenices?  ",
      "content": "Rerum dolorum incidunt pariatur. Distinctio a unde cum! Possimus sint expedita cupiditate labore.Lorem ipsum dolor sit amet consectetur, adipisicing elit. Itaque labore, fugit, temporibus ab unde necessitatibus, quasi consectetur rerum dolorum incidunt pariatur. Distinctio a unde cum! Possimus sint expedita cupiditate labore.Lorem ipsum dolor sit amet consectetur, adipisicing elit. Itaque labore, fugit, temporibus ab unde necessitatibus, quasi consectetur rerum dolorum incidunt pariatur. Distinctio a unde cum! Possimus sint expedita cupiditate labore. dolor sit amet consectetur, adipisicing elit. Itaque labore, fugit, temporibus ab unde necessitatibus, quasi consectetur rerum dolorum incidunt pariatur. Distinctio a unde cum! Possimus sint expedita cupiditate labore.Lorem ipsum dolor sit amet consectetur, adipisicing elit. Itaque labore, fugit, temporibus ab unde necessitatibus, quasi consectetur rerum dolorum incidunt pariatur. Distinctio a unde cum! Possimus sint expedita cupiditate labore.  "
    },
    {
      "name": "If you have any Legal issue or dispute then contact the following:",
      "content": "<h5> Address: </h5> <p> 103,Grand Ways Road <br> Necholim City <br> New York </p> <h5> Email: </h5> <p> email@emaillorem.com </p> <h5> Contact No. </h5> <p> 123789-839 00 </p> <p> 123789-839 00 </p> "
    }
  ],
  "faq": {
    "heading": "Get Instant answers for most common questions",
    "content": "Lorem ipsum dolor sit amet consectetur, adipisicing elit. Magni, aspernatur minus voluptatibus quaerat officiis, incidunt maiores, tempora nam eaque ab consequatur tenetur explicabo voluptatem vel voluptatum perspiciatis accusantium. Illum, nemo?",
    "can_get_answer": {
      "heading": "Did not get your answer here?",
      "content": "If your are unable to get the answers then feel free to contact us by submit a support request. We will very happy to listen from you."
    },
    "faqs": [
      {
        "ques": "When I will receive my package i did not got any call",
        "ans": "Lorem ipsum dolor sit amet consectetur adipisicing elit. Consequatur fugit asperiores voluptas. Ipsum expedita nostrum architecto eum adipisci ipsa quod illo error aliquid impedit facilis sunt nobis qui, voluptatem deserunt. Lorem ipsum dolor sit amet consectetur adipisicing elit. Consequatur fugit asperiores voluptas. Ipsum expedita nostrum architecto eum adipisci ipsa quod illo error aliquid impedit facilis sunt nobis qui, voluptatem deserunt."
      },
      {
        "ques": "I did not get email and text messege afer payment",
        "ans": "Lorem ipsum dolor sit amet consectetur adipisicing elit. Consequatur fugit asperiores voluptas. Ipsum expedita nostrum architecto eum adipisci ipsa quod illo error aliquid impedit facilis sunt nobis qui, voluptatem deserunt. Lorem ipsum dolor sit amet consectetur adipisicing elit. Consequatur fugit asperiores voluptas. Ipsum expedita nostrum architecto eum adipisci ipsa quod illo error aliquid impedit facilis sunt nobis qui, voluptatem deserunt."
      },
      {
        "ques": "How to track the shipping order?",
        "ans": "Lorem ipsum dolor sit amet consectetur adipisicing elit. Consequatur fugit asperiores voluptas. Ipsum expedita nostrum architecto eum adipisci ipsa quod illo error aliquid impedit facilis sunt nobis qui, voluptatem deserunt. Lorem ipsum dolor sit amet consectetur adipisicing elit. Consequatur fugit asperiores voluptas. Ipsum expedita nostrum architecto eum adipisci ipsa quod illo error aliquid impedit facilis sunt nobis qui, voluptatem deserunt."
      },
      {
        "ques": "I got promocodes , how to reedeem?",
        "ans": "Lorem ipsum dolor sit amet consectetur adipisicing elit. Consequatur fugit asperiores voluptas. Ipsum expedita nostrum architecto eum adipisci ipsa quod illo error aliquid impedit facilis sunt nobis qui, voluptatem deserunt. Lorem ipsum dolor sit amet consectetur adipisicing elit. Consequatur fugit asperiores voluptas. Ipsum expedita nostrum architecto eum adipisci ipsa quod illo error aliquid impedit facilis sunt nobis qui, voluptatem deserunt."
      },
      {
        "ques": "How can i cancel the order",
        "ans": "Lorem ipsum dolor sit amet consectetur adipisicing elit. Consequatur fugit asperiores voluptas. Ipsum expedita nostrum architecto eum adipisci ipsa quod illo error aliquid impedit facilis sunt nobis qui, voluptatem deserunt. Lorem ipsum dolor sit amet consectetur adipisicing elit. Consequatur fugit asperiores voluptas. Ipsum expedita nostrum architecto eum adipisci ipsa quod illo error aliquid impedit facilis sunt nobis qui, voluptatem deserunt."
      },
      {
        "ques": "BOA credit card has problem with shopping",
        "ans": "Lorem ipsum dolor sit amet consectetur adipisicing elit. Consequatur fugit asperiores voluptas. Ipsum expedita nostrum architecto eum adipisci ipsa quod illo error aliquid impedit facilis sunt nobis qui, voluptatem deserunt. Lorem ipsum dolor sit amet consectetur adipisicing elit. Consequatur fugit asperiores voluptas. Ipsum expedita nostrum architecto eum adipisci ipsa quod illo error aliquid impedit facilis sunt nobis qui, voluptatem deserunt."
      },
      {
        "ques": "How to change the password of my account",
        "ans": "Lorem ipsum dolor sit amet consectetur adipisicing elit. Consequatur fugit asperiores voluptas. Ipsum expedita nostrum architecto eum adipisci ipsa quod illo error aliquid impedit facilis sunt nobis qui, voluptatem deserunt. Lorem ipsum dolor sit amet consectetur adipisicing elit. Consequatur fugit asperiores voluptas. Ipsum expedita nostrum architecto eum adipisci ipsa quod illo error aliquid impedit facilis sunt nobis qui, voluptatem deserunt."
      },
      {
        "ques": "How to delete the saved card Infomation",
        "ans": "Lorem ipsum dolor sit amet consectetur adipisicing elit. Consequatur fugit asperiores voluptas. Ipsum expedita nostrum architecto eum adipisci ipsa quod illo error aliquid impedit facilis sunt nobis qui, voluptatem deserunt. Lorem ipsum dolor sit amet consectetur adipisicing elit. Consequatur fugit asperiores voluptas. Ipsum expedita nostrum architecto eum adipisci ipsa quod illo error aliquid impedit facilis sunt nobis qui, voluptatem deserunt."
      },
      {
        "ques": "How to pay bill throgh netbanking",
        "ans": "Lorem ipsum dolor sit amet consectetur adipisicing elit. Consequatur fugit asperiores voluptas. Ipsum expedita nostrum architecto eum adipisci ipsa quod illo error aliquid impedit facilis sunt nobis qui, voluptatem deserunt. Lorem ipsum dolor sit amet consectetur adipisicing elit. Consequatur fugit asperiores voluptas. Ipsum expedita nostrum architecto eum adipisci ipsa quod illo error aliquid impedit facilis sunt nobis qui, voluptatem deserunt."
      },
      {
        "ques": "Do you have any stores in USA?",
        "ans": "Lorem ipsum dolor sit amet consectetur adipisicing elit. Consequatur fugit asperiores voluptas. Ipsum expedita nostrum architecto eum adipisci ipsa quod illo error aliquid impedit facilis sunt nobis qui, voluptatem deserunt. Lorem ipsum dolor sit amet consectetur adipisicing elit. Consequatur fugit asperiores voluptas. Ipsum expedita nostrum architecto eum adipisci ipsa quod illo error aliquid impedit facilis sunt nobis qui, voluptatem deserunt."
      },
      {
        "ques": "How to deactivate account?",
        "ans": "Lorem ipsum dolor sit amet consectetur adipisicing elit. Consequatur fugit asperiores voluptas. Ipsum expedita nostrum architecto eum adipisci ipsa quod illo error aliquid impedit facilis sunt nobis qui, voluptatem deserunt. Lorem ipsum dolor sit amet consectetur adipisicing elit. Consequatur fugit asperiores voluptas. Ipsum expedita nostrum architecto eum adipisci ipsa quod illo error aliquid impedit facilis sunt nobis qui, voluptatem deserunt."
      }
    ]
  },
  "product_reviews": [
    {
      "id": 1,
      "name": "Blue Jean",
      "type": "men",
      "category": "Jeans",
      "description": "Lorem ipsum dolor sit, amet consectetur adipisicing elit.",
      "rating": 4,
      "user_rating": [
        {
          "name": "James Hamm",
          "designation": "CEO , Dellec Info",
          "date": "a month ago",
          "img": "assets/images/user-1.jpg",
          "comment": "I love the way it has delivered to me and after using ,i just wanna say one word that is awesome"
        },
        {
          "name": "Tim Pharell",
          "designation": "CEO , Dellec Info",
          "date": "2 month ago",
          "img": "assets/images/user-1.jpg",
          "comment": "Lorem ipsum dolor sit amet consectetur adipisicing elit. Accusantium cupiditate, sed delectus"
        },
        {
          "name": "Joe Baden",
          "designation": "CEO , Dellec Info",
          "date": "3 month ago",
          "img": "assets/images/user-1.jpg",
          "comment": "Lorem ipsum dolor sit amet consectetur adipisicing elit. Accusantium cupiditate, sed delectus"
        }
      ]
    }
  ],
  "team": [
    {
      "id": 1,
      "image": "assets/images/user-1.jpg",
      "name": "Anthony Gilbert",
      "designation": "CEO",
      "description": "Lorem ipsum dolor sit, amet consectetur adipisicing elit. Doloremque esse iure aliquid enim, corrupti distinctio sit praesentium ducimus incidunt rem facilis expedita illo at tempore natus nihil veritatis accusamus vel."
    },
    {
      "id": 2,
      "image": "assets/images/user-2.jpg",
      "name": "Anthony Gilbert",
      "designation": "CEO",
      "description": "Lorem ipsum dolor sit, amet consectetur adipisicing elit. Doloremque esse iure aliquid enim, corrupti distinctio sit praesentium ducimus incidunt rem facilis expedita illo at tempore natus nihil veritatis accusamus vel."
    },
    {
      "id": 3,
      "image": "assets/images/user-3.jpg",
      "name": "Anthony Gilbert",
      "designation": "CEO",
      "description": "Lorem ipsum dolor sit, amet consectetur adipisicing elit. Doloremque esse iure aliquid enim, corrupti distinctio sit praesentium ducimus incidunt rem facilis expedita illo at tempore natus nihil veritatis accusamus vel."
    }
  ],
  "testimonial": {
    "id": 1,
    "name": "Awesome Words",
    "image": "assets/images/user-1.jpg",
    "name": "Albert Gomes",
    "designation": "Head, ABS Infos",
    "description": "Lorem ipsum dolor sit amet consectetur, adipisicing elit. Aut expedita quasi voluptatibus tenetur nisi ad earum atque laboriosam accusamus. Doloremque sapiente aliquid quae. Animi ratione dolorum repellat amet nihil? Magnam?"
  },
  "mission_vision": [
    {
      "id": "1",
      "image": "assets/images/our-mission.jpg",
      "heading": "Our Mission",
      "sub_heading": "nulla dolor dicta laborum unde molestias ab magni.Lorem ipsum dolor sit amet,consectetur adipisicing elit",
      "content": "Lorem ipsum dolor sit amet, consectetur adipisicing elit. Quaerat quibusdam cum blanditiis voluptas, voluptates hic eius maxime dolorum saepe quae animi eveniet nulla dolor dicta laborum unde molestias ab magni.Lorem ipsum dolor sit amet, consectetur adipisicing elit. Quaerat quibusdam cum blanditiis voluptas, voluptates hic eius maxime dolorum saepe quae animi eveniet nulla dolor dicta laborum unde molestias ab magni."
    },
    {
      "id": "2",
      "image": "assets/images/our-vision.jpg",
      "heading": "Our Vision",
      "sub_heading": "nulla dolor dicta laborum unde molestias ab magni.Lorem ipsum dolor sit amet,consectetur adipisicing elit",
      "content": "Lorem ipsum dolor sit amet, consectetur adipisicing elit. Quaerat quibusdam cum blanditiis voluptas, voluptates hic eius maxime dolorum saepe quae animi eveniet nulla dolor dicta laborum unde molestias ab magni.Lorem ipsum dolor sit amet, consectetur adipisicing elit. Quaerat quibusdam cum blanditiis voluptas, voluptates hic eius maxime dolorum saepe quae animi eveniet nulla dolor dicta laborum unde molestias ab magni."
    }
  ],
  "about_info": {
    "id": 1,
    "heading": "Providing the optimize E-commerce servicing to millions of customers form last 10 year",
    "sub_heading": "Lorem ipsum dolor, sit amet consectetur adipisicing elit. Cupiditate nihil non quo corrupti, laborum hic,",
    "content": "Lorem ipsum dolor sit amet consectetur adipisicing elit. Aliquam dolore neque consequatur harum suscipit hic nisi voluptate nulla deserunt! Ducimus odit nisi aliquam non quae exercitationem? Impedit dolores aliquam suscipit! Lorem ipsum dolor sit amet consectetur adipisicing elit. Dolor eaque illo, dolore voluptates ipsum ratione. At eius earum voluptatibus aperiam porro a quo, obcaecati dolor distinctio provident iusto libero ducimus?",
    "image": "assets/images/about-us.jpg"
  }
}
}
